﻿Age,Node#,Node
76.92,1,Root
72.4,2,Sundetheria/Primates 
65.11,3,Scandentia/Dermoptera
51.5,4,Ptilocercus/Scandentia
23.63,5,Dendrogale melanura/Dendrogale murina
17.34,6,Dendrogale melanura/Tupaia dorsalis
12.79,7,T.belangari/T.dorsalis
6.47,8,T.glis/T.belangeri
9.73,9,T.picta/T.dorsalis
9.36,10,Urogale/T.dorsalis
8.47,11,T.montana/T.dorsalis
1.99,12,T.gracilis/T.montana
8.05,13,T.javanica/T.dorsalis
6.93,14,T.dorsalis/T.minor
5.27,15,T.minor/T.tana
4.83,16,T.tana/T.palawanensis
7.5,17,Cynocephalus/Galeopterus
,18,Microsyops/Primates
,19,Ignacius/Primates
,20,Haplorhini/Strepsirrhini
,21,Adapoidea/Strepsirrhini
50.77,22,Lemuridae/Lorisidae
,23,Mioeuoticus/Lorisidae
23.72,24,Nycticebus/Arctocebus
14.63,25,Nycticebus/Loris
22.58,26,Galago/Arctocebus
15.31,27,Galago/Euoticus
12.46,28,Galago/Galagoides
9.83,29,Otolemur/Galago
11.72,30,Perodicticus/Arctocebus
41.69,31,Daubentonia/Lemuroidea
23.23,32,Avahi/Chierogalus
21.17,33,Varecia/Chierogalus
19.98,34,Lepilemur/Chierogauls
15.61,35,Microcebus/Chierogalus
9.78,36,Microcebus/Mirza
14.43,37,Varecia/Lemur
11.92,38,Eulemur/Lemur
5.24,39,Hapalemur/Lemur
,40,Archaeolemur/Avahi
,41,Babakotia/Avahi
11.45,42,Avahi/Indri
9.13,43,Avahi/Propithecus
,44,Adapis/Notharctus
,45,Notharctus/Smilodectes
,46,Tarsoidea/Anthropoidea
,47,Tarsius/Omomyoidea
11.18,48,Tarsius tarsier/Tarsius syrichta
,49,Roonyia/Necrolemur
,50,Necrolemur/Microchoerus
,51,Simonsius/Anthropoidea
17.5,52,Alouatta/Pithecia
14.75,53,Calicebus/Pithecia
9.58,54,Cacajao/Pithecia
5.57,55,Chirpotes/Cacajao
16.82,56,Alouatta/Cebualla
15.18,57,Aotus/Cebuella
11.39,58,Leontocebus/Cebualla
10.8,59,Leontopithecus/Cebuella
8.04,60,Callimico/Cebuella
5.69,61,Mico/Cebuella
16.82,62,Aotus/Sapajus
12.84,63,Saimiri/Sapajus
4.83,64,Cebus/Sapajus
11.34,65,Alouatta/Lagothrix
8.47,66,Ateles/Lagothrix
,67,Carcinella+Anagale/Glires
,68,Carcinella/Anagale
75.25,69,Lagomorpha/Rodentia
,70,Paramys/Rodentia
,71,Rapamys/Rodentia
74.05,72,Dipodomys/Graphiurus
66.33,73,Bathyergus/Graphiurus
52.66,74,Hyloptes/Graphiurus
28.02,75,Glis/Graphiurus
25.73,76,Dryomys/Graphiurus
,77,Pseudocyclindrodon/Hyloptes
,78,Ischyromys/Hyloptes
36.9,79,Aplodontia/Hyloptes
,80,Aplodontia/Mesogaulus
,81,Cedromus/Hyloptes
30.07,82,Hyplotes/Ratufa
27.19,83,Hyloptes/Xerus
26.24,84,Xerus/Lariscus
25.53,85,Xerus/Funisciurus
22.09,86,Funisciurus/Tamias
20.51,87,Tamias/Marmota
9.08,88,Marmota/Urocitellus
6.93,89,Cynomys/Urocitellus
14.73,90,Funisciurus/Helioscirus
14.49,91,Heliosciurus/Paraxerus
14.3,92,Funisciurus/Protoxerus
14.81,93,Lariscus/Dremomys
13.51,94,Rhinosciurus/Dremomys
12.65,95,Calloscirurus/Dremomys
21.21,96,Hyloptes/Tamiascirus
14.61,97,Tamiasciurus/Sciurus
,98,Protosciurus/Sciurus
5.92,99,Sciurus/Sciurus
16.167,100,Hyloptes/Pteromyscus
14.11,101,Petaurista/Pteromyscus
12.68,102,Pteromys/Pteromyscus
9.97,103,Aeromys/Pteromyscus
13.51,104,Hyloptes/Glaucomys
65.55,105,Bathyergus/Loanates
42.64,106,Bathyergus/Lagostomus
35.82,107,Coendu/Myoproacta
28.22,108,Cuniculus/Myoprocta
27.22,109,Cavia/Myoprocta
9.7,110,Dasyprocta/Myoprocta
35.34,111,Coendu/Lagostomus
33.25,112,Lagostomus/Spalacopus
16.38,113,Lagostomus/Chinchilla
,114,Prospaniomys/Spalacopus
24.03,115,Spalacopus/Pattonomys
19.28,116,Capromys/Pattonomys
17.13,117,Hoplomys/Pattonomys
15.68,118,Myocastor/Pattonomys
14.8,119,Mesomys/Pattonomys
18.94,120,Spalcopus/Ctenomys
4.91,121,Octodon/Spalacopus
8.1,122,Coendu/Erethizon
12.47,123,Cryptomys/Bathyergus
69.9,124,Diposomys/Rhizomys
67.38,125,Rhizomys/Pedetes
59.16,126,Rhizomys/Allactaga
54.72,127,Rhizomys/Dendormus
14.96,128,Tachyoryects/Rhizomys
9.98,129,Cannomys/Rhizomys
6.57,130,Rhizomys/Rhizomys
54.72,131,Dendromus/Tatera
50.9,132,Tatera/Peromyscus
50.44,133,Tatera/Rattus
44.15,134,Acomys/Tatera
27.53,135,Gerbillus/Tatera
18.7,136,Psammomys/Gerbillus
38.96,137,Peromyscus/Ondatra
35.66,138,Cricetus/Ondatra
16.27,139,Ellobius/Ondatra
27.21,140,Peromyscus/Ochrotomys
32.17,141,Dendromus/Cricetomys
15.62,142,Allactaga/Dipus
5.9,143,Jaculus/Dipus
30.13,144,Pedetes/Anomalurus
22.13,145,Idiurus/Anomalurus
55.5,146,Dipodomys/Castr
3.96,147,Castor/Castor
,148,Paramys/Pseudotomus
,149,Pseudotomus/Pseodotomus
,150,Paramys/Paramys
,151,Megalagus/Lagomorpha
58.58,152,Leporidae/Ochotonidae
,153,Paleolagus/Lepus
21.55,154,Poelagus/Lepus townsendii
13.92,155,Oryctolagus/Lepus townsendii
12.3,156,Brachylagus/Lepus townsendii
6.02,157,L.americanus/L.townsendi
5.1,158,L.californicus/L.townsendi
1.71,159,L.arcticus/L.townsendi
1.04,160,L.californicus/L.alleni
12.76,161,Oryctolagus/Sylvilagus
7.34,162,S.audubonii/S.floridanus
6.04,163,S.audubonii/S.bachmnai
1.03,164,Peolagus/Romerolagus
6.89,165,O.collarus/O.hyperbora
5.58,166,O.pallasi/O.hyperborea
4.54,167,O.collaris/O.princeps
