Species,first_int,last_int
Ptilocercus_lowii,9,9
Dendrogale_murina,9,9
Tupaia_belangeri,9,9
Tupaia_glis,9,9
Tupaia_gracilis,9,9
Tupaia_picta,9,9
Tupaia_montana,9,9
Tupaia_dorsalis,9,9
Tupaia_palawanensis,9,9
Tupaia_tana,9,9
Tupaia_minor,9,9
Tupaia_javanica,9,9
Urogale_everetti,9,9
Dendrogale_melanura,9,9
Galeopterus_variegatus,9,9
Cynocephalus_volans,9,9
Nycticebus_pygmaeus,9,9
Loris_tardigradus,9,9
Galago_senegalensis,9,9
Otolemur_crassicaudatus,9,9
Galagoides_demidovii,9,9
Euoticus_elegantulus,9,9
Perodicticus_potto,9,9
Arctocebus_aureus,9,9
Daubentonia_madagascariensis,9,9
Cheirogaleus_major,9,9
Mirza_coquereli,9,9
Microcebus_murinus,9,9
Lepilemur_mustelinus,9,9
Lemur_catta,9,9
Hapalemur_griseus,9,9
Eulemur_fulvus,9,9
Varecia_variegata,9,9
Indri_indri,9,9
Propithecus_diadema,9,9
Avahi_laniger,9,9
Tarsius_tarsier,9,9
Tarsius_syrichta,9,9
Pithecia_pithecia,9,9
Chiropotes_satanas,9,9
Cacajao_calvus,9,9
Callicebus_moloch,9,9
Cebuella_pygmaea,9,9
Mico_argentatus,9,9
Callimico_goeldii,9,9
Leontopithecus_rosalia,9,9
Leontocebus_fuscicollis,9,9
Sapajus_apella,9,9
Cebus_capucinus,9,9
Saimiri_sciureus,9,9
Aotus_trivirgatus,9,9
Ateles_geoffroyi,9,9
Lagothrix_lagotricha,9,9
Alouatta_palliata,9,9
Poelagus_marjorita,9,9
Romerolagus_diazi,9,9
Sylvilagus_bachmani,9,9
Sylvilagus_audubonii,9,9
Sylvilagus_floridanus,9,9
Oryctolagus_cuniculus,9,9
Lepus_townsendii,9,9
Lepus_arcticus,9,9
Lepus_alleni,9,9
Lepus_californicus,9,9
Lepus_americanus,9,9
Brachylagus_idahoensis,9,9
Ochotona_pallasi,9,9
Ochotona_hyperborea,9,9
Ochotona_princeps,9,9
Ochotona_collaris,9,9
Graphiurus_platyops,9,9
Dryomys_nitedula,9,9
Glis_glis,9,9
Aplodontia_rufa,9,9
Ratufa_affinis,9,9
Xerus_rutilus,9,9
Tamias_minimus,9,9
Urocitellus_richardsonii,9,9
Cynomys_ludovicianus,9,9
Marmota_marmota,9,9
Paraxerus_cepapi,9,9
Heliosciurus_rufobrachium,9,9
Protoxerus_stangeri,9,9
Funisciurus_pyrropus,9,9
Dremomys_rufigenis,9,9
Callosciurus_caniceps,9,9
Rhinosciurus_laticaudatus,9,9
Lariscus_insignis,9,9
Sciurus_carolinensis,9,9
Sciurus_granatensis,9,9
Tamiasciurus_hudsonicus,9,9
Aeromys_tephromelas,9,9
Pteromyscus_pulverulentus,9,9
Pteromys_volans,9,9
Petaurista_petaurista,9,9
Glaucomys_volans,9,9
Hylopetes_spadiceus,9,9
Laonastes_aenigmamus,9,9
Myoprocta_acouchy,9,9
Dasyprocta_punctata,9,9
Cavia_porcellus,9,9
Cuniculus_paca,9,9
Lagostomus_maximus,9,9
Chinchilla_lanigera,9,9
Capromys_pilorides,9,9
Mesomys_hispidus,9,9
Pattonomys_semivillosus,9,9
Myocastor_coypus,9,9
Hoplomys_gymnurus,9,9
Ctenomys_pearsoni,9,9
Octodon_degus,9,9
Spalacopus_cyanus,9,9
Erethizon_dorsatum,9,9
Coendou_prehensilis,9,9
Cryptomys_hottentotus,9,9
Bathyergus_suillus,9,9
Castor_fiber,9,9
Castor_canadensis,9,9
Dipodomys_agilis,9,9
Pedetes_capensis,9,9
Idiurus_macrotis,9,9
Anomalurus_derbianus,9,9
Allactaga_sibirica,9,9
Dipus_sagitta,9,9
Jaculus_jaculus,9,9
Cannomys_badius,9,9
Rhizomys_sumatrensis,9,9
Rhizomys_pruinosus,9,9
Tachyoryctes_splendens,9,9
Ondatra_zibethicus,9,9
Ellobius_talpinus,9,9
Cricetus_cricetus,9,9
Ochrotomys_nuttalli,9,9
Peromyscus_maniculatus,9,9
Cricetomys_gambianus,9,9
Dendromus_insignis,9,9
Tatera_indica,9,9
Psammomys_obesus,9,9
Gerbillus_watersi,9,9
Acomys_cahirinus,9,9
Rattus_rattus,9,9
Adapis_parisiensis_nhmuk_1345,5,5
Anagale_gobiensis_amnh_26079,4,4
Archaeolemur_dpc_7850,8,8
Babakotia_dpc_10994,8,8
Carcinella_sigei_nmb_qh_922,4,4
Cedromus_wilsoni_usnm_2456584,5,5
Ignacius_graybullianus_usnm_421608,1,1
Ischyromys_typus_amnh_144638,5,5
Megalagus_fmnh_uc_1642,5,5
Mesogaulus_paniensis_fam_65511,7,7
Microchoerus_erinaceus_um_1771,4,4
Microsyops_annectens_uw_12362,2,2
Mioeuoticus_shipmani_knmru_2052,7,7
Necrolemur_antiquus_ma_phq_289,4,4
Notharctus_tenebrosus_usnm_127167,2,2
Palaeolagus_haydeni_fmnh_9476,5,5
Paramys_copei_amnh_4756,1,1
Paramys_delicatus_amnh_12506,2,2
Simonsius_grangeri_dpc_18651,5,5
Prospaniomys_priscus_macnpvch_1913,6,6
Protosciurus_rachelae_ypm_14737,6,6
Pseudocylindrodon_medius_cm_1001,4,4
Pseudotomus_horribilis_usnm_17159,2,2
Pseudotomus_oweni_usnm_17161,2,2
Rapamys_atramontis_amnh_126706,3,3
Rooneyia_viejaensis_tmm_40677_7,4,4
Smilodectes_gracilis_usnm_17994,2,2
