﻿Species,Order,Hapstrep,PriClad,RodClad,Subgroup,Figure,Status,N,Seq
Ptilocercus_lowii,Scandentia,Scandentia,Scandentia,Scandentia,Scandentia,Scandentia,Extant,131,1
Dendrogale_melanura,Scandentia,Scandentia,Scandentia,Scandentia,Scandentia,Scandentia,Extant,43,2
Tupaia_belangeri,Scandentia,Scandentia,Scandentia,Scandentia,Scandentia,Scandentia,Extant,155,3
Tupaia_glis,Scandentia,Scandentia,Scandentia,Scandentia,Scandentia,Scandentia,Extant,157,4
Tupaia_picta,Scandentia,Scandentia,Scandentia,Scandentia,Scandentia,Scandentia,Extant,163,5
Urogale_everetti,Scandentia,Scandentia,Scandentia,Scandentia,Scandentia,Scandentia,Extant,166,6
Tupaia_montana,Scandentia,Scandentia,Scandentia,Scandentia,Scandentia,Scandentia,Extant,161,7
Tupaia_gracilis,Scandentia,Scandentia,Scandentia,Scandentia,Scandentia,Scandentia,Extant,158,8
Tupaia_javanica,Scandentia,Scandentia,Scandentia,Scandentia,Scandentia,Scandentia,Extant,159,9
Tupaia_minor,Scandentia,Scandentia,Scandentia,Scandentia,Scandentia,Scandentia,Extant,160,10
Tupaia_palawanensis,Scandentia,Scandentia,Scandentia,Scandentia,Scandentia,Scandentia,Extant,162,11
Tupaia_tana,Scandentia,Scandentia,Scandentia,Scandentia,Scandentia,Scandentia,Extant,164,12
Tupaia_dorsalis,Scandentia,Scandentia,Scandentia,Scandentia,Scandentia,Scandentia,Extant,156,13
Dendrogale_murina,Scandentia,Scandentia,Scandentia,Scandentia,Scandentia,Scandentia,Extant,44,14
Galeopterus_variegatus,Dermoptera,Dermoptera,Dermoptera,Dermoptera,Dermoptera,Dermoptera,Extant,57,15
Cynocephalus_volans,Dermoptera,Dermoptera,Dermoptera,Dermoptera,Dermoptera,Dermoptera,Extant,39,16
Nycticebus_pygmaeus,Primates,Strepsirrhini,Strepsirrhini,Primates,Lorisidae,Strepsirrhini,Extant,99,17
Loris_tardigradus,Primates,Strepsirrhini,Strepsirrhini,Primates,Lorisidae,Strepsirrhini,Extant,84,18
Galago_senegalensis,Primates,Strepsirrhini,Strepsirrhini,Primates,Lorisidae,Strepsirrhini,Extant,55,19
Otolemur_crassicaudatus,Primates,Strepsirrhini,Strepsirrhini,Primates,Lorisidae,Strepsirrhini,Extant,108,20
Galagoides_demidovii,Primates,Strepsirrhini,Strepsirrhini,Primates,Lorisidae,Strepsirrhini,Extant,56,21
Euoticus_elegantulus,Primates,Strepsirrhini,Strepsirrhini,Primates,Lorisidae,Strepsirrhini,Extant,53,22
Perodicticus_potto,Primates,Strepsirrhini,Strepsirrhini,Primates,Lorisidae,Strepsirrhini,Extant,116,23
Arctocebus_aureus,Primates,Strepsirrhini,Strepsirrhini,Primates,Lorisidae,Strepsirrhini,Extant,11,24
Daubentonia_madagascariensis,Primates,Strepsirrhini,Strepsirrhini,Primates,Lemuridae,Strepsirrhini,Extant,42,25
Cheirogaleus_major,Primates,Strepsirrhini,Strepsirrhini,Primates,Lemuridae,Strepsirrhini,Extant,30,26
Mirza_coquereli,Primates,Strepsirrhini,Strepsirrhini,Primates,Lemuridae,Strepsirrhini,Extant,94,27
Microcebus_murinus,Primates,Strepsirrhini,Strepsirrhini,Primates,Lemuridae,Strepsirrhini,Extant,90,28
Lepilemur_mustelinus,Primates,Strepsirrhini,Strepsirrhini,Primates,Lemuridae,Strepsirrhini,Extant,78,29
Lemur_catta,Primates,Strepsirrhini,Strepsirrhini,Primates,Lemuridae,Strepsirrhini,Extant,75,30
Hapalemur_griseus,Primates,Strepsirrhini,Strepsirrhini,Primates,Lemuridae,Strepsirrhini,Extant,62,31
Eulemur_fulvus,Primates,Strepsirrhini,Strepsirrhini,Primates,Lemuridae,Strepsirrhini,Extant,52,32
Varecia_variegata,Primates,Strepsirrhini,Strepsirrhini,Primates,Lemuridae,Strepsirrhini,Extant,167,33
Indri_indri,Primates,Strepsirrhini,Strepsirrhini,Primates,Lemuridae,Strepsirrhini,Extant,68,34
Propithecus_diadema,Primates,Strepsirrhini,Strepsirrhini,Primates,Lemuridae,Strepsirrhini,Extant,121,35
Avahi_laniger,Primates,Strepsirrhini,Strepsirrhini,Primates,Lemuridae,Strepsirrhini,Extant,13,36
Tarsius_tarsier,Primates,Haplorhini,Tarsiiformes,Primates,Tarsiiformes,Tarsiiformes,Extant,153,37
Tarsius_syrichta,Primates,Haplorhini,Tarsiiformes,Primates,Tarsiiformes,Tarsiiformes,Extant,152,38
Cacajao_calvus,Primates,Haplorhini,Anthropoidea,Primates,Anthropoidea,Haplorhini,Extant,17,39
Chiropotes_satanas,Primates,Haplorhini,Anthropoidea,Primates,Anthropoidea,Haplorhini,Extant,32,40
Pithecia_pithecia,Primates,Haplorhini,Anthropoidea,Primates,Anthropoidea,Haplorhini,Extant,119,41
Callicebus_moloch,Primates,Haplorhini,Anthropoidea,Primates,Anthropoidea,Haplorhini,Extant,18,42
Cebuella_pygmaea,Primates,Haplorhini,Anthropoidea,Primates,Anthropoidea,Haplorhini,Extant,27,43
Mico_argentatus,Primates,Haplorhini,Anthropoidea,Primates,Anthropoidea,Haplorhini,Extant,89,44
Callimico_goeldii,Primates,Haplorhini,Anthropoidea,Primates,Anthropoidea,Haplorhini,Extant,19,45
Leontopithecus_rosalia,Primates,Haplorhini,Anthropoidea,Primates,Anthropoidea,Haplorhini,Extant,77,46
Leontocebus_fuscicollis,Primates,Haplorhini,Anthropoidea,Primates,Anthropoidea,Haplorhini,Extant,76,47
Sapajus_apella,Primates,Haplorhini,Anthropoidea,Primates,Anthropoidea,Haplorhini,Extant,141,48
Cebus_capucinus,Primates,Haplorhini,Anthropoidea,Primates,Anthropoidea,Haplorhini,Extant,28,49
Saimiri_sciureus,Primates,Haplorhini,Anthropoidea,Primates,Anthropoidea,Haplorhini,Extant,140,50
Aotus_trivirgatus,Primates,Haplorhini,Anthropoidea,Primates,Anthropoidea,Haplorhini,Extant,8,51
Lagothrix_lagotricha,Primates,Haplorhini,Anthropoidea,Primates,Anthropoidea,Haplorhini,Extant,72,52
Ateles_geoffroyi,Primates,Haplorhini,Anthropoidea,Primates,Anthropoidea,Haplorhini,Extant,12,53
Alouatta_palliata,Primates,Haplorhini,Anthropoidea,Primates,Anthropoidea,Haplorhini,Extant,5,54
Graphiurus_platyops,Rodentia,Rodentia,Rodentia,SRC,SRC,Rodentia,Extant,61,55
Dryomys_nitedula,Rodentia,Rodentia,Rodentia,SRC,SRC,Rodentia,Extant,49,56
Glis_glis,Rodentia,Rodentia,Rodentia,SRC,SRC,Rodentia,Extant,60,57
Aplodontia_rufa,Rodentia,Rodentia,Rodentia,SRC,SRC,Rodentia,Extant,9,58
Ratufa_affinis,Rodentia,Rodentia,Rodentia,SRC,SRC,Rodentia,Extant,134,59
Xerus_rutilus,Rodentia,Rodentia,Rodentia,SRC,SRC,Rodentia,Extant,168,60
Tamias_minimus,Rodentia,Rodentia,Rodentia,SRC,SRC,Rodentia,Extant,150,61
Urocitellus_richardsonii,Rodentia,Rodentia,Rodentia,SRC,SRC,Rodentia,Extant,165,62
Cynomys_ludovicianus,Rodentia,Rodentia,Rodentia,SRC,SRC,Rodentia,Extant,40,63
Marmota_marmota,Rodentia,Rodentia,Rodentia,SRC,SRC,Rodentia,Extant,85,64
Heliosciurus_rufobrachium,Rodentia,Rodentia,Rodentia,SRC,SRC,Rodentia,Extant,63,65
Paraxerus_cepapi,Rodentia,Rodentia,Rodentia,SRC,SRC,Rodentia,Extant,113,66
Protoxerus_stangeri,Rodentia,Rodentia,Rodentia,SRC,SRC,Rodentia,Extant,124,67
Funisciurus_pyrropus,Rodentia,Rodentia,Rodentia,SRC,SRC,Rodentia,Extant,54,68
Dremomys_rufigenis,Rodentia,Rodentia,Rodentia,SRC,SRC,Rodentia,Extant,48,69
Callosciurus_caniceps,Rodentia,Rodentia,Rodentia,SRC,SRC,Rodentia,Extant,20,70
Rhinosciurus_laticaudatus,Rodentia,Rodentia,Rodentia,SRC,SRC,Rodentia,Extant,135,71
Lariscus_insignis,Rodentia,Rodentia,Rodentia,SRC,SRC,Rodentia,Extant,74,72
Tamiasciurus_hudsonicus,Rodentia,Rodentia,Rodentia,SRC,SRC,Rodentia,Extant,151,73
Sciurus_carolinensis,Rodentia,Rodentia,Rodentia,SRC,SRC,Rodentia,Extant,142,74
Sciurus_granatensis,Rodentia,Rodentia,Rodentia,SRC,SRC,Rodentia,Extant,143,75
Pteromyscus_pulverulentus,Rodentia,Rodentia,Rodentia,SRC,SRC,Rodentia,Extant,130,76
Aeromys_tephromelas,Rodentia,Rodentia,Rodentia,SRC,SRC,Rodentia,Extant,3,77
Pteromys_volans,Rodentia,Rodentia,Rodentia,SRC,SRC,Rodentia,Extant,129,78
Petaurista_petaurista,Rodentia,Rodentia,Rodentia,SRC,SRC,Rodentia,Extant,118,79
Glaucomys_volans,Rodentia,Rodentia,Rodentia,SRC,SRC,Rodentia,Extant,59,80
Hylopetes_spadiceus,Rodentia,Rodentia,Rodentia,SRC,SRC,Rodentia,Extant,65,81
Laonastes_aenigmamus,Rodentia,Rodentia,Rodentia,Ctenohystrica,Ctenohystrica,Rodentia,Extant,73,82
Myoprocta_acouchy,Rodentia,Rodentia,Rodentia,Ctenohystrica,Ctenohystrica,Rodentia,Extant,96,83
Dasyprocta_punctata,Rodentia,Rodentia,Rodentia,Ctenohystrica,Ctenohystrica,Rodentia,Extant,41,84
Cavia_porcellus,Rodentia,Rodentia,Rodentia,Ctenohystrica,Ctenohystrica,Rodentia,Extant,26,85
Cuniculus_paca,Rodentia,Rodentia,Rodentia,Ctenohystrica,Ctenohystrica,Rodentia,Extant,38,86
Lagostomus_maximus,Rodentia,Rodentia,Rodentia,Ctenohystrica,Ctenohystrica,Rodentia,Extant,71,87
Chinchilla_lanigera,Rodentia,Rodentia,Rodentia,Ctenohystrica,Ctenohystrica,Rodentia,Extant,31,88
Pattonomys_semivillosus,Rodentia,Rodentia,Rodentia,Ctenohystrica,Ctenohystrica,Rodentia,Extant,114,89
Mesomys_hispidus,Rodentia,Rodentia,Rodentia,Ctenohystrica,Ctenohystrica,Rodentia,Extant,88,90
Myocastor_coypus,Rodentia,Rodentia,Rodentia,Ctenohystrica,Ctenohystrica,Rodentia,Extant,95,91
Hoplomys_gymnurus,Rodentia,Rodentia,Rodentia,Ctenohystrica,Ctenohystrica,Rodentia,Extant,64,92
Capromys_pilorides,Rodentia,Rodentia,Rodentia,Ctenohystrica,Ctenohystrica,Rodentia,Extant,22,93
Ctenomys_pearsoni,Rodentia,Rodentia,Rodentia,Ctenohystrica,Ctenohystrica,Rodentia,Extant,37,94
Octodon_degus,Rodentia,Rodentia,Rodentia,Ctenohystrica,Ctenohystrica,Rodentia,Extant,105,95
Spalacopus_cyanus,Rodentia,Rodentia,Rodentia,Ctenohystrica,Ctenohystrica,Rodentia,Extant,145,96
Erethizon_dorsatum,Rodentia,Rodentia,Rodentia,Ctenohystrica,Ctenohystrica,Rodentia,Extant,51,97
Coendou_prehensilis,Rodentia,Rodentia,Rodentia,Ctenohystrica,Ctenohystrica,Rodentia,Extant,33,98
Cryptomys_hottentotus,Rodentia,Rodentia,Rodentia,Ctenohystrica,Ctenohystrica,Rodentia,Extant,36,99
Bathyergus_suillus,Rodentia,Rodentia,Rodentia,Ctenohystrica,Ctenohystrica,Rodentia,Extant,15,100
Rhizomys_pruinosus,Rodentia,Rodentia,Rodentia,MRC,MRC,Rodentia,Extant,136,101
Rhizomys_sumatrensis,Rodentia,Rodentia,Rodentia,MRC,MRC,Rodentia,Extant,137,102
Cannomys_badius,Rodentia,Rodentia,Rodentia,MRC,MRC,Rodentia,Extant,21,103
Tachyoryctes_splendens,Rodentia,Rodentia,Rodentia,MRC,MRC,Rodentia,Extant,149,104
Tatera_indica,Rodentia,Rodentia,Rodentia,MRC,MRC,Rodentia,Extant,154,105
Psammomys_obesus,Rodentia,Rodentia,Rodentia,MRC,MRC,Rodentia,Extant,125,106
Gerbillus_watersi,Rodentia,Rodentia,Rodentia,MRC,MRC,Rodentia,Extant,58,107
Acomys_cahirinus,Rodentia,Rodentia,Rodentia,MRC,MRC,Rodentia,Extant,1,108
Rattus_rattus,Rodentia,Rodentia,Rodentia,MRC,MRC,Rodentia,Extant,133,109
Ondatra_zibethicus,Rodentia,Rodentia,Rodentia,MRC,MRC,Rodentia,Extant,106,110
Ellobius_talpinus,Rodentia,Rodentia,Rodentia,MRC,MRC,Rodentia,Extant,50,111
Cricetus_cricetus,Rodentia,Rodentia,Rodentia,MRC,MRC,Rodentia,Extant,35,112
Ochrotomys_nuttalli,Rodentia,Rodentia,Rodentia,MRC,MRC,Rodentia,Extant,104,113
Peromyscus_maniculatus,Rodentia,Rodentia,Rodentia,MRC,MRC,Rodentia,Extant,117,114
Cricetomys_gambianus,Rodentia,Rodentia,Rodentia,MRC,MRC,Rodentia,Extant,34,115
Dendromus_insignis,Rodentia,Rodentia,Rodentia,MRC,MRC,Rodentia,Extant,45,116
Dipus_sagitta,Rodentia,Rodentia,Rodentia,MRC,MRC,Rodentia,Extant,47,117
Jaculus_jaculus,Rodentia,Rodentia,Rodentia,MRC,MRC,Rodentia,Extant,70,118
Allactaga_sibirica,Rodentia,Rodentia,Rodentia,MRC,MRC,Rodentia,Extant,4,119
Anomalurus_derbianus,Rodentia,Rodentia,Rodentia,MRC,MRC,Rodentia,Extant,7,120
Idiurus_macrotis,Rodentia,Rodentia,Rodentia,MRC,MRC,Rodentia,Extant,66,121
Pedetes_capensis,Rodentia,Rodentia,Rodentia,MRC,MRC,Rodentia,Extant,115,122
Castor_canadensis,Rodentia,Rodentia,Rodentia,MRC,MRC,Rodentia,Extant,24,123
Castor_fiber,Rodentia,Rodentia,Rodentia,MRC,MRC,Rodentia,Extant,25,124
Dipodomys_agilis,Rodentia,Rodentia,Rodentia,MRC,MRC,Rodentia,Extant,46,125
Lepus_townsendii,Lagomorpha,Lagomorpha,Lagomorpha,Lagomorpha,Leporidae,Lagomorpha,Extant,83,126
Lepus_arcticus,Lagomorpha,Lagomorpha,Lagomorpha,Lagomorpha,Leporidae,Lagomorpha,Extant,81,127
Lepus_alleni,Lagomorpha,Lagomorpha,Lagomorpha,Lagomorpha,Leporidae,Lagomorpha,Extant,79,128
Lepus_californicus,Lagomorpha,Lagomorpha,Lagomorpha,Lagomorpha,Leporidae,Lagomorpha,Extant,82,129
Lepus_americanus,Lagomorpha,Lagomorpha,Lagomorpha,Lagomorpha,Leporidae,Lagomorpha,Extant,80,130
Brachylagus_idahoensis,Lagomorpha,Lagomorpha,Lagomorpha,Lagomorpha,Leporidae,Lagomorpha,Extant,16,131
Sylvilagus_floridanus,Lagomorpha,Lagomorpha,Lagomorpha,Lagomorpha,Leporidae,Lagomorpha,Extant,148,132
Sylvilagus_bachmani,Lagomorpha,Lagomorpha,Lagomorpha,Lagomorpha,Leporidae,Lagomorpha,Extant,147,133
Sylvilagus_audubonii,Lagomorpha,Lagomorpha,Lagomorpha,Lagomorpha,Leporidae,Lagomorpha,Extant,146,134
Oryctolagus_cuniculus,Lagomorpha,Lagomorpha,Lagomorpha,Lagomorpha,Leporidae,Lagomorpha,Extant,107,135
Romerolagus_diazi,Lagomorpha,Lagomorpha,Lagomorpha,Lagomorpha,Leporidae,Lagomorpha,Extant,138,136
Poelagus_marjorita,Lagomorpha,Lagomorpha,Lagomorpha,Lagomorpha,Leporidae,Lagomorpha,Extant,120,137
Ochotona_hyperborea,Lagomorpha,Lagomorpha,Lagomorpha,Lagomorpha,Ochotonidae,Lagomorpha,Extant,101,138
Ochotona_pallasi,Lagomorpha,Lagomorpha,Lagomorpha,Lagomorpha,Ochotonidae,Lagomorpha,Extant,102,139
Ochotona_princeps,Lagomorpha,Lagomorpha,Lagomorpha,Lagomorpha,Ochotonidae,Lagomorpha,Extant,103,140
Ochotona_collaris,Lagomorpha,Lagomorpha,Lagomorpha,Lagomorpha,Ochotonidae,Lagomorpha,Extant,100,141
Adapis_parisiensis_nhmuk_1345,Primates,Strepsirrhini,Strepsirrhini,Primates,Adapoid,Strepsirrhini,Extinct,2,142
Archaeolemur_dpc_7850,Primates,Strepsirrhini,Strepsirrhini,Primates,Lemuridae,Strepsirrhini,Extinct,10,143
Babakotia_dpc_10994,Primates,Strepsirrhini,Strepsirrhini,Primates,Lemuridae,Strepsirrhini,Extinct,14,144
Ignacius_graybullianus_usnm_421608,Primates,Plesiadapiformes,Plesiadapiformes,Primates,Plesiadapiformes,Plesiadapiformes,Extinct,67,145
Microchoerus_erinaceus_um_1771,Primates,Haplorhini,Tarsiiformes,Primates,Omomyoid,Tarsiiformes,Extinct,91,146
Microsyops_annectens_uw_12362,Primates,Plesiadapiformes,Plesiadapiformes,Primates,Plesiadapiformes,Plesiadapiformes,Extinct,92,147
Mioeuoticus_shipmani_knmru_2052,Primates,Strepsirrhini,Strepsirrhini,Primates,Lorisidae,Strepsirrhini,Extinct,93,148
Necrolemur_antiquus_ma_phq_289,Primates,Haplorhini,Tarsiiformes,Primates,Omomyoid,Tarsiiformes,Extinct,97,149
Notharctus_tenebrosus_usnm_127167,Primates,Strepsirrhini,Strepsirrhini,Primates,Adapoid,Strepsirrhini,Extinct,98,150
Simonsius_grangeri_dpc_18651,Primates,Haplorhini,Anthropoidea,Primates,Anthropoidea,Haplorhini,Extinct,112,151
Rooneyia_viejaensis_tmm_40677_7,Primates,Haplorhini,Tarsiiformes,Primates,Omomyoid,Tarsiiformes,Extinct,139,152
Smilodectes_gracilis_usnm_17994,Primates,Strepsirrhini,Strepsirrhini,Primates,Adapoid,Strepsirrhini,Extinct,144,153
Carcinella_sigei_nmb_qh_922,Stem_Glires,Stem_Glires,Stem_Glires,Stem_Glires,Stem_Glires,Stem,Extinct,23,154
Anagale_gobiensis_amnh_26079,Stem_Glires,Stem_Glires,Stem_Glires,Stem_Glires,Stem_Glires,Stem,Extinct,6,155
Cedromus_wilsoni_usnm_2456584,Rodentia,Rodentia,Rodentia,SRC,SRC,Rodentia,Extinct,29,156
Ischyromys_typus_amnh_144638,Rodentia,Rodentia,Rodentia,SRC,SRC,Rodentia,Extinct,69,157
Megalagus_fmnh_uc_1642,Lagomorpha,Lagomorpha,Lagomorpha,Lagomorpha,Leporidae,Lagomorpha,Extinct,86,158
Mesogaulus_paniensis_fam_65511,Rodentia,Rodentia,Rodentia,SRC,SRC,Rodentia,Extinct,87,159
Palaeolagus_haydeni_fmnh_9476,Lagomorpha,Lagomorpha,Lagomorpha,Lagomorpha,Leporidae,Lagomorpha,Extinct,109,160
Paramys_copei_amnh_4756,Rodentia,Rodentia,Rodentia,SRC,Stem_Rodentia,Rodentia,Extinct,110,161
Paramys_delicatus_amnh_12506,Rodentia,Rodentia,Rodentia,SRC,Stem_Rodentia,Rodentia,Extinct,111,162
Prospaniomys_priscus_macnpvch_1913,Rodentia,Rodentia,Rodentia,Ctenohystrica,Ctenohystrica,Rodentia,Extinct,122,163
Protosciurus_rachelae_ypm_14737,Rodentia,Rodentia,Rodentia,SRC,SRC,Rodentia,Extinct,123,164
Pseudocylindrodon_medius_cm_1001,Rodentia,Rodentia,Rodentia,SRC,Stem_Rodentia,Rodentia,Extinct,126,165
Pseudotomus_horribilis_usnm_17159,Rodentia,Rodentia,Rodentia,SRC,Stem_Rodentia,Rodentia,Extinct,127,166
Pseudotomus_oweni_usnm_17161,Rodentia,Rodentia,Rodentia,SRC,Stem_Rodentia,Rodentia,Extinct,128,167
Rapamys_atramontis_amnh_126706,Rodentia,Rodentia,Rodentia,SRC,Stem_Rodentia,Rodentia,Extinct,132,168
